ST,STATE,ST_ABBR,COUNTY,FIPS,LOCATION,AREA_SQMI,E_TOTPOP,E_HU,E_HH,E_POV,E_UNEMP,E_PCI,E_NOHSDP,E_AGE65,E_AGE17,E_DISABL,E_SNGPNT,E_MINRTY,M_MINRTY,E_LIMENG,M_LIMENG,E_MUNIT,E_MOBILE,E_CROWD,E_NOVEH,E_GROUPQ,EP_POV,EP_UNEMP,EP_PCI,EP_NOHSDP,EP_AGE65,EP_AGE17,EP_DISABL,EP_SNGPNT,EP_MINRTY,EP_LIMENG,EP_MUNIT,EP_MOBILE,EP_CROWD,EP_NOVEH,EP_GROUPQ,EPL_POV,EPL_UNEMP,EPL_PCI,EPL_NOHSDP,SPL_THEME1,RPL_THEME1,EPL_AGE65,EPL_AGE17,EPL_DISABL,EPL_SNGPNT,SPL_THEME2,RPL_THEME2,EPL_MINRTY,EPL_LIMENG,SPL_THEME3,RPL_THEME3,EPL_MUNIT,EPL_MOBILE,EPL_CROWD,EPL_NOVEH,EPL_GROUPQ,SPL_THEME4,RPL_THEME4,SPL_THEMES,RPL_THEMES,F_POV,F_UNEMP,F_PCI,F_NOHSDP,F_THEME1,F_AGE65,F_AGE17,F_DISABL,F_SNGPNT,F_THEME2,F_MINRTY,F_LIMENG,F_THEME3,F_MUNIT,F_MOBILE,F_CROWD,F_NOVEH,F_GROUPQ,F_THEME4,F_TOTAL,E_UNINSUR,M_UNINSUR,EP_UNINSUR,E_DAYPOP
19,IOWA,IA,Grundy,19075,"Grundy County, Iowa",501.8545244,12341,5574,5137,741,136,35443,500,2496,2886,1255,328,365,15,24,56,58,123,39,180,162,6.1,2.1,35443,5.8,20.2,23.4,10.3,6.4,3,0.2,1,2.2,0.8,3.5,1.3,0.0204,0.0714,0.0204,0.1224,0.2346,0.0102,0.5408,0.6224,0.0918,0.2857,1.5407,0.1633,0.0306,0.1122,0.1428,0.0408,0.0612,0.2143,0.2143,0.1224,0.0612,0.6734,0,2.5915,0,0,0,0,0,0,0,0,0,0,0,0,0,0,0,0,0,0,0,0,0,286,89,2.3,10240
19,IOWA,IA,Cedar,19031,"Cedar County, Iowa",579.4614036,18445,8214,7546,1168,279,32010,665,3470,4212,1973,381,802,15,63,63,145,391,61,191,316,6.4,2.7,32010,5.1,18.8,22.8,10.8,5,4.3,0.4,1.8,4.8,0.8,2.5,1.7,0.0306,0.2551,0.1531,0.0612,0.5,0.0306,0.3367,0.4592,0.1531,0.0408,0.9898,0.0306,0.2143,0.2959,0.5102,0.2041,0.1837,0.6939,0.2143,0.0102,0.2755,1.3776,0.1122,3.3776,0.0102,0,0,0,0,0,0,0,0,0,0,0,0,0,0,0,0,0,0,0,0,405,124,2.2,13383
19,IOWA,IA,Winneshiek,19191,"Winneshiek County, Iowa",689.8355627,20401,8927,8205,1553,233,30706,716,3957,3758,2271,369,986,2,31,64,287,287,37,268,2293,8.6,1.9,30706,5.3,19.4,18.4,11.3,4.5,4.8,0.2,3.2,3.2,0.5,3.3,11.2,0.1735,0.0306,0.2551,0.0816,0.5408,0.0408,0.4286,0.0204,0.2449,0.0204,0.7143,0.0204,0.2959,0.1122,0.4081,0.1837,0.4082,0.4388,0.0714,0.0918,1,2.0102,0.3265,3.6734,0.0204,0,0,0,0,0,0,0,0,0,0,0,0,0,0,0,0,0,1,1,1,363,116,1.8,19552
19,IOWA,IA,Benton,19011,"Benton County, Iowa",716.1019435,25626,11131,10224,2306,393,32764,1085,4534,6066,2848,706,896,7,75,75,197,251,91,440,346,9.2,2.9,32764,6.1,17.7,23.7,11.2,6.9,3.5,0.3,1.8,2.3,0.9,4.3,1.4,0.2653,0.3061,0.0918,0.1735,0.8367,0.1327,0.2755,0.6837,0.2245,0.3469,1.5306,0.1531,0.1224,0.2347,0.3571,0.1531,0.1837,0.2245,0.3265,0.3061,0.0918,1.1326,0.0816,3.857,0.0306,0,0,0,0,0,0,0,0,0,0,0,0,0,0,0,0,0,0,0,0,681,172,2.7,17882
19,IOWA,IA,Bremer,19017,"Bremer County, Iowa",435.4788771,24782,10314,9585,1901,429,32512,623,4760,5479,2435,578,1180,35,94,96,471,202,52,284,1518,8.2,3.2,32512,3.8,19.2,22.1,10,6,4.8,0.4,4.6,2,0.5,3,6.1,0.1327,0.3878,0.1327,0.0102,0.6634,0.0612,0.4082,0.3265,0.0612,0.2041,1,0.0408,0.2959,0.2959,0.5918,0.2755,0.6224,0.1735,0.0714,0.0408,0.8776,1.7857,0.2449,4.0409,0.0408,0,0,0,0,0,0,0,0,0,0,0,0,0,0,0,0,0,0,0,0,771,160,3.2,22757
19,IOWA,IA,Carroll,19027,"Carroll County, Iowa",569.436781,20344,9488,8674,1759,223,30658,892,3954,4963,2118,632,301,113,35,69,551,41,31,386,401,8.8,2.1,30658,6.5,19.4,24.4,10.6,7.3,1.5,0.2,5.8,0.4,0.4,4.5,2,0.2041,0.0714,0.2653,0.2143,0.7551,0.0816,0.4286,0.8061,0.1224,0.4388,1.7959,0.3061,0,0.1122,0.1122,0.0102,0.6837,0,0.0204,0.3469,0.4082,1.4592,0.1327,4.1224,0.051,0,0,0,0,0,0,0,0,0,0,0,0,0,0,0,0,0,0,0,0,491,160,2.5,20093
19,IOWA,IA,Madison,19121,"Madison County, Iowa",561.0058998,15890,6883,6309,1046,344,33069,554,2608,4064,1974,405,716,15,73,61,102,349,27,278,197,6.7,4,33069,5.1,16.4,25.6,12.6,6.4,4.5,0.5,1.5,5.1,0.4,4.4,1.2,0.051,0.602,0.0714,0.0612,0.7856,0.102,0.1224,0.9388,0.4184,0.2857,1.7653,0.2857,0.2653,0.3571,0.6224,0.2959,0.1224,0.7449,0.0204,0.3163,0.0102,1.2142,0.0918,4.3875,0.0612,0,0,0,0,0,0,1,0,0,1,0,0,0,0,0,0,0,0,0,1,532,157,3.4,11391
19,IOWA,IA,Butler,19023,"Butler County, Iowa",580.1390895,14735,6774,6251,1355,250,29654,760,3251,3381,1566,364,492,15,23,59,149,165,51,197,258,9.4,3.3,29654,7.3,22.1,22.9,10.8,5.8,3.3,0.2,2.2,2.4,0.8,3.2,1.8,0.2959,0.4286,0.3776,0.3776,1.4797,0.3265,0.8571,0.4898,0.1531,0.1429,1.6429,0.2653,0.0714,0.1122,0.1836,0.0918,0.2755,0.2551,0.2143,0.051,0.2959,1.0918,0.0612,4.398,0.0714,0,0,0,0,0,0,0,0,0,0,0,0,0,0,0,0,0,0,0,0,459,115,3.2,8824
19,IOWA,IA,Lyon,19119,"Lyon County, Iowa",587.6499996,11769,5016,4549,567,127,29246,719,2071,3339,1240,269,492,15,78,68,206,113,38,110,160,4.9,2,29246,9.4,17.6,28.4,10.7,5.9,4.2,0.7,4.1,2.3,0.8,2.4,1.4,0,0.0612,0.4184,0.7347,1.2143,0.2347,0.2551,0.9898,0.1327,0.1837,1.5613,0.1939,0.2041,0.4796,0.6837,0.3673,0.5816,0.2245,0.2143,0,0.0918,1.1122,0.0714,4.5715,0.0816,0,0,0,0,0,0,1,0,0,1,0,0,0,0,0,0,0,0,0,1,517,156,4.5,8997
19,IOWA,IA,Delaware,19055,"Delaware County, Iowa",577.6816545,17258,8104,6939,1448,224,31300,1030,3247,4116,1945,461,560,15,20,55,222,371,109,259,238,8.5,2.3,31300,8.7,18.8,23.8,11.4,6.6,3.2,0.1,2.7,4.6,1.6,3.7,1.4,0.1633,0.1224,0.2041,0.6224,1.1122,0.2041,0.3367,0.7143,0.2653,0.3163,1.6326,0.2551,0.0612,0.0204,0.0816,0,0.3673,0.6531,0.6837,0.1735,0.0918,1.9694,0.3061,4.7958,0.0918,0,0,0,0,0,0,0,0,0,0,0,0,0,0,0,0,0,0,0,0,491,178,2.9,11619
19,IOWA,IA,Chickasaw,19037,"Chickasaw County, Iowa",504.3347305,12099,5695,5191,885,126,29752,645,2401,2798,1595,263,490,15,157,99,146,166,27,233,199,7.4,1.9,29752,7.7,19.8,23.1,13.3,5.1,4,1.4,2.6,2.9,0.5,4.5,1.6,0.0816,0.0306,0.3571,0.4592,0.9285,0.1429,0.5102,0.5612,0.4898,0.051,1.6122,0.2449,0.1735,0.7653,0.9388,0.5,0.3571,0.3673,0.0714,0.3469,0.2143,1.357,0.102,4.8365,0.102,0,0,0,0,0,0,0,0,0,0,0,0,0,0,0,0,0,0,0,0,583,199,4.9,9805
19,IOWA,IA,Iowa,19095,"Iowa County, Iowa",586.4548425,16207,7319,6791,1297,236,32663,696,2935,3755,1958,412,757,7,40,57,271,302,65,249,349,8.2,2.7,32663,6.2,18.1,23.2,12.3,6.1,4.7,0.3,3.7,4.1,1,3.7,2.2,0.1327,0.2551,0.1122,0.1837,0.6837,0.0714,0.3061,0.5714,0.3878,0.2245,1.4898,0.1327,0.2857,0.2347,0.5204,0.2347,0.5102,0.5918,0.398,0.1735,0.5102,2.1837,0.398,4.8776,0.1122,0,0,0,0,0,0,0,0,0,0,0,0,0,0,0,0,0,0,0,0,888,201,5.6,16211
19,IOWA,IA,Audubon,19009,"Audubon County, Iowa",442.9611392,5637,3009,2677,556,74,28957,421,1374,1097,718,178,176,13,13,54,13,44,17,109,126,10.2,2.5,28957,10.2,24.4,19.5,13.1,6.6,3.1,0.2,0.4,1.5,0.6,4.1,2.2,0.449,0.1939,0.449,0.8265,1.9184,0.5,0.9898,0.0408,0.4796,0.3163,1.8265,0.3163,0.0408,0.1122,0.153,0.051,0.0102,0.1224,0.1122,0.2551,0.5102,1.0101,0.0408,4.908,0.1224,0,0,0,0,0,1,0,0,0,1,0,0,0,0,0,0,0,0,0,1,298,88,5.4,3887
19,IOWA,IA,Adams,19003,"Adams County, Iowa",423.4327614,3726,2009,1641,420,51,27824,160,842,778,499,71,83,34,6,35,27,95,10,63,139,11.5,2.8,27824,5.9,22.6,20.9,13.6,4.3,2.2,0.2,1.3,4.7,0.6,3.8,3.7,0.5816,0.2755,0.7347,0.1429,1.7347,0.398,0.898,0.1122,0.5408,0,1.551,0.1735,0.0102,0.1122,0.1224,0.0306,0.0918,0.6633,0.1122,0.1939,0.7143,1.7755,0.2347,5.1836,0.1327,0,0,0,0,0,0,0,0,0,0,0,0,0,0,0,0,0,0,0,0,202,68,5.5,2581
19,IOWA,IA,Dallas,19049,"Dallas County, Iowa",588.3195078,84002,34937,32886,4900,1127,43583,2562,9664,23693,6002,2014,11962,95,1205,304,5041,943,612,1059,590,5.9,2.4,43583,4.7,11.5,28.2,7.2,6.1,14.2,1.6,14.4,2.7,1.9,3.2,0.7,0.0102,0.1633,0,0.0408,0.2143,0,0.0204,0.9796,0.0102,0.2245,1.2347,0.0918,0.8469,0.7959,1.6428,0.8367,0.9694,0.3163,0.7551,0.051,0,2.0918,0.3571,5.1836,0.1327,0,0,0,0,0,0,1,0,0,1,0,0,0,1,0,0,0,0,1,2,2515,386,3,84218
19,IOWA,IA,Hancock,19081,"Hancock County, Iowa",571.0043362,10888,5311,4766,865,111,29537,511,2341,2420,1353,257,709,15,74,62,196,159,40,214,206,8.1,1.9,29537,6.6,21.5,22.2,12.6,5.4,6.5,0.7,3.7,3,0.8,4.5,1.9,0.1224,0.0306,0.398,0.2653,0.8163,0.1224,0.7449,0.3469,0.4184,0.0816,1.5918,0.2245,0.5306,0.4796,1.0102,0.5102,0.5102,0.398,0.2143,0.3469,0.3469,1.8163,0.2551,5.2346,0.1531,0,0,0,0,0,0,0,0,0,0,0,0,0,0,0,0,0,0,0,0,357,93,3.3,10986
19,IOWA,IA,Harrison,19085,"Harrison County, Iowa",696.8425931,14143,6807,6076,1396,114,30209,813,2708,3242,1788,460,515,6,19,57,190,245,49,315,286,10.1,1.5,30209,8.2,19.1,22.9,12.9,7.6,3.6,0.1,2.8,3.6,0.8,5.2,2,0.4184,0.0102,0.2857,0.5408,1.2551,0.2551,0.3673,0.4898,0.4694,0.5102,1.8367,0.3265,0.1327,0.0204,0.1531,0.0612,0.3776,0.4898,0.2143,0.5102,0.4082,2.0001,0.3163,5.245,0.1633,0,0,0,0,0,0,0,0,0,0,0,0,0,0,0,0,0,0,0,0,709,173,5.1,10866
19,IOWA,IA,Adair,19001,"Adair County, Iowa",569.2704077,7124,3697,3136,629,128,29984,295,1566,1543,1158,218,257,13,4,48,65,145,17,122,157,9.1,3.5,29984,5.8,22,21.7,16.6,7,3.6,0.1,1.8,3.9,0.5,3.9,2.2,0.2551,0.4898,0.2959,0.1224,1.1632,0.2245,0.8367,0.2143,0.9796,0.3673,2.3979,0.7755,0.1327,0.0204,0.1531,0.0612,0.1837,0.551,0.0714,0.2245,0.5102,1.5408,0.1531,5.255,0.1735,0,0,0,0,0,0,0,1,0,1,0,0,0,0,0,0,0,0,0,1,443,135,6.3,5192
19,IOWA,IA,Buchanan,19019,"Buchanan County, Iowa",571.078052,21125,9080,8046,1969,318,31495,821,3664,5696,2381,680,791,24,20,64,200,404,90,441,312,9.5,3,31495,5.9,17.3,27,11.4,8.5,3.7,0.1,2.2,4.4,1.1,5.5,1.5,0.3061,0.3163,0.1837,0.1429,0.949,0.1735,0.1735,0.9592,0.2653,0.6939,2.0919,0.5306,0.1531,0.0204,0.1735,0.0816,0.2755,0.6224,0.4694,0.5306,0.1837,2.0816,0.3469,5.296,0.1837,0,0,0,0,0,0,1,0,0,1,0,0,0,0,0,0,0,0,0,1,1079,281,5.2,15049
19,IOWA,IA,Keokuk,19107,"Keokuk County, Iowa",579.1748302,10200,4880,4384,1048,259,28630,534,2158,2312,1470,254,345,15,9,57,76,150,37,111,146,10.4,4.9,28630,7.5,21.2,22.7,14.6,5.8,3.4,0.1,1.6,3.1,0.8,2.5,1.4,0.4694,0.8163,0.5714,0.4184,2.2755,0.6122,0.6939,0.4286,0.7755,0.1429,2.0409,0.4796,0.0918,0.0204,0.1122,0.0102,0.1531,0.4184,0.2143,0.0102,0.0918,0.8878,0.0306,5.3164,0.1939,0,0,0,0,0,0,0,0,0,0,0,0,0,0,0,0,0,0,0,0,383,92,3.8,6766
19,IOWA,IA,Worth,19195,"Worth County, Iowa",400.1232644,7489,3517,3170,684,192,29482,380,1481,1608,1055,290,419,13,24,53,38,46,12,157,105,9.3,4.7,29482,7.2,19.8,21.5,14.3,9.1,5.6,0.3,1.1,1.3,0.4,5,1.4,0.2755,0.7857,0.4082,0.3469,1.8163,0.4388,0.5102,0.1735,0.7245,0.7857,2.1939,0.6939,0.4184,0.2347,0.6531,0.3469,0.0714,0.0918,0.0204,0.4286,0.0918,0.704,0.0102,5.3673,0.2041,0,0,0,0,0,0,0,0,0,0,0,0,0,0,0,0,0,0,0,0,360,80,4.9,5415
19,IOWA,IA,Sac,19161,"Sac County, Iowa",575.021785,9868,5402,4367,1022,155,30750,521,2254,2183,1032,376,469,8,89,52,80,92,32,127,197,10.6,3,30750,7.4,22.8,22.1,10.7,8.6,4.8,1,1.5,1.7,0.7,2.9,2,0.5,0.3163,0.2347,0.398,1.449,0.3061,0.949,0.3265,0.1327,0.7245,2.1327,0.602,0.2959,0.6327,0.9286,0.4898,0.1224,0.1327,0.1837,0.0306,0.4082,0.8776,0.0204,5.3879,0.2143,0,0,0,0,0,1,0,0,0,1,0,0,0,0,0,0,0,0,0,1,488,98,5,7511
19,IOWA,IA,Warren,19181,"Warren County, Iowa",569.8375603,49361,19716,18959,3280,887,34570,1397,7503,12319,5645,1496,2726,11,114,93,1758,789,184,683,1828,6.9,3.3,34570,4.3,15.2,25,11.6,7.9,5.5,0.2,8.9,4,1,3.6,3.7,0.0714,0.4286,0.0306,0.0306,0.5612,0.051,0.0714,0.8367,0.3265,0.551,1.7856,0.2959,0.398,0.1122,0.5102,0.2041,0.9082,0.5714,0.398,0.1429,0.7143,2.7348,0.6122,5.5918,0.2245,0,0,0,0,0,0,0,0,0,0,0,0,0,1,0,0,0,0,1,1,1409,279,2.9,34469
19,IOWA,IA,Dickinson,19059,"Dickinson County, Iowa",380.51984,17056,13620,8069,1341,265,38031,535,4254,3217,2465,635,702,8,83,94,1180,1180,64,396,238,8,2.8,38031,4.2,24.9,18.9,14.6,7.9,4.1,0.5,8.7,8.7,0.8,4.9,1.4,0.102,0.2755,0.0102,0.0204,0.4081,0.0204,1,0.0306,0.7755,0.551,2.3571,0.7551,0.1939,0.3571,0.551,0.2653,0.898,0.949,0.2143,0.4082,0.0918,2.5613,0.551,5.8775,0.2347,0,0,0,0,0,1,0,0,0,1,0,0,0,0,1,0,0,0,1,2,703,176,4.2,17495
19,IOWA,IA,Ida,19093,"Ida County, Iowa",431.5075292,6916,3431,3010,709,150,32562,315,1512,1614,969,187,295,13,2,50,107,87,20,190,124,10.5,4.2,32562,6.5,21.9,23.3,14.3,6.2,4.3,0,3.1,2.5,0.7,6.3,1.8,0.4898,0.6327,0.1224,0.2143,1.4592,0.3163,0.8061,0.5918,0.7245,0.2449,2.3673,0.7653,0.2143,0,0.2143,0.1122,0.398,0.2653,0.1837,0.7347,0.2959,1.8776,0.2755,5.9184,0.2449,0,0,0,0,0,0,0,0,0,0,0,0,0,0,0,0,0,0,0,0,236,62,3.5,6302
19,IOWA,IA,Kossuth,19109,"Kossuth County, Iowa",972.7306274,15075,7506,6666,1449,238,29963,597,3424,3267,2291,530,736,13,56,69,304,60,58,274,298,9.8,3.1,29963,5.6,22.7,21.7,15.4,8,4.9,0.4,4.1,0.8,0.9,4.1,2,0.3878,0.3571,0.3061,0.102,1.153,0.2143,0.9184,0.2143,0.8776,0.5714,2.5817,0.9184,0.3367,0.2959,0.6326,0.3163,0.5816,0.0204,0.3265,0.2551,0.4082,1.5918,0.1633,5.9591,0.2551,0,0,0,0,0,1,0,0,0,1,0,0,0,0,0,0,0,0,0,1,793,182,5.3,13019
19,IOWA,IA,Fremont,19071,"Fremont County, Iowa",511.1665247,6968,3445,2990,643,128,29625,375,1533,1533,933,180,349,7,8,49,17,182,51,113,137,9.5,3.7,29625,7.5,22,22,13.6,6,5,0.1,0.5,5.3,1.7,3.8,2,0.3061,0.5204,0.3878,0.4184,1.6327,0.3673,0.8367,0.2755,0.5408,0.2041,1.8571,0.3367,0.3469,0.0204,0.3673,0.1633,0.0204,0.7653,0.7143,0.1939,0.4082,2.1021,0.3673,5.9592,0.2653,0,0,0,0,0,0,0,0,0,0,0,0,0,0,0,0,0,0,0,0,343,86,5,5598
19,IOWA,IA,Plymouth,19149,"Plymouth County, Iowa",862.8280105,25039,10768,10115,2220,307,32028,1180,4502,6304,2725,931,1949,17,249,127,353,386,73,520,357,9,2.3,32028,7,18,25.2,11,9.2,7.8,1.1,3.3,3.6,0.7,5.1,1.4,0.2245,0.1224,0.1429,0.3061,0.7959,0.1122,0.2959,0.9184,0.1939,0.8163,2.2245,0.7245,0.602,0.6837,1.2857,0.6939,0.4286,0.4898,0.1837,0.4694,0.0918,1.6633,0.1939,5.9694,0.2755,0,0,0,0,0,0,1,0,0,1,0,0,0,0,0,0,0,0,0,1,1067,235,4.3,21557
19,IOWA,IA,Mitchell,19131,"Mitchell County, Iowa",469.1328641,10631,4946,4397,939,167,28898,737,2290,2517,1318,271,351,30,35,58,124,123,38,200,228,9,3.1,28898,10.1,21.5,23.7,12.6,6.2,3.3,0.3,2.5,2.5,0.9,4.5,2.1,0.2245,0.3571,0.4796,0.8061,1.8673,0.4592,0.7449,0.6837,0.4184,0.2449,2.0919,0.5306,0.0714,0.2347,0.3061,0.1429,0.3367,0.2653,0.3265,0.3469,0.5,1.7754,0.2245,6.0407,0.2857,0,0,0,0,0,0,0,0,0,0,0,0,0,0,0,0,0,0,0,0,788,179,7.6,8487
19,IOWA,IA,Boone,19015,"Boone County, Iowa",571.5579887,26399,11915,10940,2078,550,31686,1054,4563,5806,3722,765,1475,17,121,92,958,484,203,347,735,8,3.8,31686,5.7,17.3,22,14.4,7,5.6,0.5,8,4.1,1.9,3.2,2.8,0.102,0.551,0.1735,0.1122,0.9387,0.1531,0.1735,0.2755,0.7551,0.3673,1.5714,0.2041,0.4184,0.3571,0.7755,0.4184,0.8776,0.5918,0.7551,0.051,0.6531,2.9286,0.6735,6.2142,0.2959,0,0,0,0,0,0,0,0,0,0,0,0,0,0,0,0,0,0,0,0,811,174,3.1,19765
19,IOWA,IA,Hamilton,19079,"Hamilton County, Iowa",576.7531328,15110,7189,6315,1446,238,28706,691,2982,3471,1804,321,1615,15,151,81,484,191,70,266,204,9.7,3,28706,6.5,19.7,23,12.1,5.1,10.7,1.1,6.7,2.7,1.1,4.2,1.4,0.3469,0.3163,0.551,0.2143,1.4285,0.2857,0.4694,0.5306,0.3673,0.051,1.4183,0.1122,0.7449,0.6837,1.4286,0.7347,0.7959,0.3163,0.4694,0.2857,0.0918,1.9591,0.2959,6.2345,0.3061,0,0,0,0,0,0,0,0,0,0,0,0,0,0,0,0,0,0,0,0,627,150,4.2,13628
19,IOWA,IA,Shelby,19165,"Shelby County, Iowa",590.778742,11694,5582,5046,996,198,31283,665,2604,2644,1608,402,605,15,65,56,105,66,58,290,219,8.7,3.2,31283,8.1,22.3,22.6,14,8,5.2,0.6,1.9,1.2,1.1,5.7,1.9,0.1939,0.3878,0.2143,0.5306,1.3266,0.2755,0.8776,0.4082,0.6327,0.5714,2.4899,0.9082,0.3776,0.4286,0.8062,0.449,0.2143,0.0612,0.4694,0.5714,0.3469,1.6632,0.1837,6.2859,0.3163,0,0,0,0,0,0,0,0,0,0,0,0,0,0,0,0,0,0,0,0,584,180,5.1,10420
19,IOWA,IA,Hardin,19083,"Hardin County, Iowa",569.3093585,17127,8172,7175,1286,161,28539,1013,3615,3648,1900,406,1363,20,116,69,186,267,89,407,869,7.9,1.8,28539,8.4,21.1,21.3,11.5,5.7,8,0.7,2.3,3.3,1.2,5.7,5.1,0.0918,0.0204,0.5816,0.5816,1.2754,0.2653,0.6633,0.1429,0.2959,0.1224,1.2245,0.0816,0.6122,0.4796,1.0918,0.602,0.3061,0.449,0.5408,0.5714,0.8367,2.704,0.602,6.2957,0.3265,0,0,0,0,0,0,0,0,0,0,0,0,0,0,0,0,0,0,0,0,640,133,3.9,16006
19,IOWA,IA,Mills,19129,"Mills County, Iowa",437.4343891,14957,6135,5587,1267,292,32867,676,2590,3563,2260,412,852,5,51,69,142,269,77,188,551,8.6,3.8,32867,6.6,17.3,23.8,15.3,7.4,5.7,0.4,2.3,4.4,1.4,3.4,3.7,0.1735,0.551,0.0816,0.2653,1.0714,0.1939,0.1735,0.7143,0.8571,0.4694,2.2143,0.7143,0.4388,0.2959,0.7347,0.398,0.3061,0.6224,0.602,0.1122,0.7143,2.357,0.4694,6.3774,0.3367,0,0,0,0,0,0,0,0,0,0,0,0,0,0,0,0,0,0,0,0,675,156,4.6,10820
19,IOWA,IA,Cherokee,19035,"Cherokee County, Iowa",576.9063385,11468,5785,5337,1060,141,32667,615,2651,2453,1573,448,727,15,42,59,371,72,23,309,486,9.7,2.3,32667,7.4,23.1,21.4,14.2,8.4,6.3,0.4,6.4,1.2,0.4,5.8,4.2,0.3469,0.1224,0.102,0.398,0.9693,0.1837,0.9592,0.1531,0.6837,0.6735,2.4695,0.8571,0.5102,0.2959,0.8061,0.4388,0.7551,0.0612,0.0204,0.5918,0.7857,2.2142,0.4082,6.4591,0.3469,0,0,0,0,0,1,0,0,0,1,0,0,0,0,0,0,0,0,0,1,479,178,4.3,10039
19,IOWA,IA,Palo Alto,19147,"Palo Alto County, Iowa",563.8601365,9055,4620,3812,576,53,28843,410,1937,2031,1281,211,561,13,109,111,287,50,56,174,354,6.6,1.1,28843,6.5,21.4,22.4,14.5,5.5,6.2,1.3,6.2,1.1,1.5,4.6,3.9,0.0408,0,0.5102,0.2143,0.7653,0.0918,0.7347,0.3673,0.7653,0.0918,1.9591,0.398,0.4898,0.7449,1.2347,0.6837,0.7347,0.0408,0.6531,0.3878,0.7653,2.5817,0.5612,6.5408,0.3571,0,0,0,0,0,0,0,0,0,0,0,0,0,0,0,0,0,0,0,0,439,134,5,8167
19,IOWA,IA,Howard,19089,"Howard County, Iowa",473.2463175,9264,4372,3868,1078,123,28828,613,1882,2321,977,308,311,13,20,50,96,123,10,273,248,11.9,2.5,28828,9.7,20.3,25.1,10.8,8,3.4,0.2,2.2,2.8,0.3,7.1,2.7,0.6429,0.1939,0.5306,0.7653,2.1327,0.5408,0.5918,0.8571,0.1531,0.5714,2.1734,0.6735,0.0918,0.1122,0.204,0.102,0.2755,0.3469,0,0.8265,0.6224,2.0713,0.3367,6.5814,0.3673,0,0,0,0,0,0,0,0,0,0,0,0,0,0,0,0,0,0,0,0,375,102,4.1,7935
19,IOWA,IA,Guthrie,19077,"Guthrie County, Iowa",590.6197773,10674,5786,4397,1175,184,28953,539,2333,2423,1440,370,512,15,65,62,121,194,62,146,159,11.1,3.4,28953,7.2,21.9,22.7,13.6,8.4,4.8,0.6,2.1,3.4,1.4,3.3,1.5,0.5306,0.4694,0.4592,0.3469,1.8061,0.4286,0.8061,0.4286,0.5408,0.6735,2.449,0.8265,0.2959,0.4286,0.7245,0.3878,0.2653,0.4592,0.602,0.0918,0.1837,1.602,0.1735,6.5816,0.3776,0,0,0,0,0,0,0,0,0,0,0,0,0,0,0,0,0,0,0,0,410,93,3.9,8340
19,IOWA,IA,Humboldt,19091,"Humboldt County, Iowa",434.3704489,9566,4729,4221,1103,180,29882,520,1960,2222,1267,287,605,13,110,70,167,132,26,233,111,11.7,3.7,29882,7.8,20.5,23.2,13.4,6.8,6.3,1.2,3.5,2.8,0.6,5.5,1.2,0.6122,0.5204,0.3265,0.5,1.9591,0.5204,0.602,0.5714,0.5204,0.3367,2.0305,0.4694,0.5102,0.7041,1.2143,0.6735,0.4694,0.3469,0.1122,0.5306,0.0102,1.4693,0.1429,6.6732,0.3878,0,0,0,0,0,0,0,0,0,0,0,0,0,0,0,0,0,0,0,0,383,95,4.1,8241
19,IOWA,IA,Poweshiek,19157,"Poweshiek County, Iowa",584.9233569,18605,9105,7681,1683,478,30711,846,3661,3626,1819,581,1565,15,127,77,488,369,43,384,1722,10,4.6,30711,7,19.7,19.5,9.9,7.6,8.4,0.7,5.4,4.1,0.6,5,9.3,0.4082,0.7653,0.2449,0.3061,1.7245,0.3878,0.4694,0.0408,0.051,0.5102,1.0714,0.051,0.6429,0.4796,1.1225,0.6327,0.6735,0.5918,0.1122,0.4286,0.9592,2.7653,0.6224,6.6837,0.398,0,0,0,0,0,0,0,0,0,0,0,0,0,0,0,0,0,1,1,1,1097,215,6,19561
19,IOWA,IA,Jackson,19097,"Jackson County, Iowa",636.0343239,19395,9518,8236,2361,433,29207,1046,3926,4324,2317,751,858,15,1,58,193,788,48,554,248,12.4,4.3,29207,7.7,20.2,22.3,12.1,9.1,4.4,0,2,8.3,0.6,6.7,1.3,0.7449,0.6633,0.4286,0.4592,2.296,0.6429,0.5408,0.3571,0.3673,0.7857,2.0509,0.4898,0.2347,0,0.2347,0.1224,0.2347,0.9388,0.1122,0.7755,0.0612,2.1224,0.3776,6.704,0.4082,0,0,0,0,0,0,0,0,0,0,0,0,0,0,1,0,0,0,1,1,870,175,4.5,14714
19,IOWA,IA,Calhoun,19025,"Calhoun County, Iowa",569.8458619,9780,5067,4191,1197,98,27908,418,2223,2021,1143,359,539,6,10,49,167,65,65,184,815,13.3,2.2,27908,6,22.7,20.7,12.7,8.6,5.5,0.1,3.3,1.3,1.6,4.4,8.3,0.8163,0.102,0.6939,0.1633,1.7755,0.4082,0.9184,0.102,0.4592,0.7245,2.2041,0.7041,0.398,0.0204,0.4184,0.1939,0.4286,0.0918,0.6837,0.3163,0.949,2.4694,0.5,6.8674,0.4184,0,0,0,0,0,1,0,0,0,1,0,0,0,0,0,0,0,1,1,2,298,82,3.3,8410
19,IOWA,IA,Linn,19113,"Linn County, Iowa",717.0888569,222121,96473,89807,20566,4285,34289,7943,33702,52493,22142,7878,30215,316,2066,397,11449,4286,1260,4524,4873,9.5,3.5,34289,5.3,15.2,23.6,10.1,8.8,13.6,1,11.9,4.4,1.4,5,2.2,0.3061,0.4898,0.0612,0.0816,0.9387,0.1531,0.0714,0.6633,0.0714,0.7449,1.551,0.1735,0.8163,0.6327,1.449,0.7449,0.9592,0.6224,0.602,0.4286,0.5102,3.1224,0.7653,7.0611,0.4286,0,0,0,0,0,0,0,0,0,0,0,0,0,1,0,0,0,0,1,1,8346,1096,3.8,241487
19,IOWA,IA,Pocahontas,19151,"Pocahontas County, Iowa",577.2406908,6898,3767,3205,829,111,27984,426,1558,1496,994,185,469,13,65,57,46,43,20,193,153,12.3,3.2,27984,8.6,22.6,21.7,14.7,5.8,6.8,1,1.2,1.1,0.6,6,2.2,0.7143,0.3878,0.6735,0.6122,2.3878,0.6735,0.898,0.2143,0.8163,0.1429,2.0715,0.5204,0.5714,0.6327,1.2041,0.6633,0.0816,0.0408,0.1122,0.6531,0.5102,1.3979,0.1224,7.0613,0.4388,0,0,0,0,0,0,0,0,0,0,0,0,0,0,0,0,0,0,0,0,320,66,4.7,5216
19,IOWA,IA,Ringgold,19159,"Ringgold County, Iowa",535.4973588,4984,2619,1997,483,97,29759,268,1201,1193,654,138,217,9,5,32,39,167,20,70,217,10.1,4.4,29759,7.7,24.1,23.9,13.7,6.9,4.4,0.1,1.5,6.4,1,3.5,4.4,0.4184,0.7143,0.3469,0.4592,1.9388,0.5102,0.9694,0.7347,0.5816,0.3469,2.6326,0.9388,0.2347,0.0204,0.2551,0.1327,0.1224,0.8571,0.398,0.1224,0.7959,2.2958,0.4388,7.1223,0.449,0,0,0,0,0,1,0,0,0,1,0,0,0,0,0,0,0,0,0,1,277,107,5.8,3547
19,IOWA,IA,Clayton,19043,"Clayton County, Iowa",778.4959155,17672,9099,7652,1564,198,28486,1113,3961,3813,2323,543,707,15,117,77,308,579,139,453,336,9,2.1,28486,8.8,22.4,21.6,13.3,7.1,4,0.7,3.4,6.4,1.8,5.9,1.9,0.2245,0.0714,0.5918,0.6429,1.5306,0.3469,0.8878,0.1837,0.4898,0.398,1.9593,0.4184,0.1735,0.4796,0.6531,0.3469,0.449,0.8571,0.7347,0.6122,0.3469,2.9999,0.7143,7.1429,0.4592,0,0,0,0,0,0,0,0,0,0,0,0,0,0,0,0,0,0,0,0,1077,349,6.2,13482
19,IOWA,IA,Greene,19073,"Greene County, Iowa",569.6175146,9003,4551,3889,788,251,28413,399,1939,2074,1397,296,461,13,54,50,89,60,75,199,141,8.9,5.3,28413,6.3,21.5,23,15.7,7.6,5.1,0.6,2,1.3,1.9,5.1,1.6,0.2143,0.8878,0.6122,0.1939,1.9082,0.4796,0.7449,0.5306,0.898,0.5102,2.6837,0.9592,0.3571,0.4286,0.7857,0.4286,0.2347,0.0918,0.7551,0.4694,0.2143,1.7653,0.2041,7.1429,0.4592,0,0,0,0,0,0,0,0,0,0,0,0,0,0,0,0,0,0,0,0,316,80,3.6,6874
19,IOWA,IA,Cass,19029,"Cass County, Iowa",564.2581327,13191,6591,5964,1493,159,27853,1109,2910,2901,1732,443,576,15,113,104,246,125,19,351,303,11.6,2.4,27853,11.8,22.1,22,13.4,7.4,4.4,0.9,3.7,1.9,0.3,5.9,2.3,0.5918,0.1633,0.7245,0.898,2.3776,0.6633,0.8571,0.2755,0.5204,0.4694,2.1224,0.5612,0.2347,0.6224,0.8571,0.4796,0.5102,0.1633,0,0.6122,0.5714,1.8571,0.2653,7.2142,0.4796,0,0,0,0,0,0,0,0,0,0,0,0,0,0,0,0,0,0,0,0,615,113,4.8,12854
19,IOWA,IA,O'Brien,19141,"O'Brien County, Iowa",573.0348903,13911,6676,6031,1314,169,29901,738,2860,3277,1883,352,1004,15,94,65,335,134,82,549,395,9.7,2.2,29901,7.7,20.6,23.6,13.7,5.8,7.2,0.7,5,2,1.4,9.1,2.8,0.3469,0.102,0.3163,0.4592,1.2244,0.2449,0.6224,0.6633,0.5816,0.1429,2.0102,0.4592,0.5918,0.4796,1.0714,0.5816,0.6429,0.1735,0.602,0.9694,0.6531,3.0409,0.7449,7.3469,0.4898,0,0,0,0,0,0,0,0,0,0,0,0,0,0,0,0,1,0,1,1,626,204,4.6,12436
19,IOWA,IA,Sioux,19167,"Sioux County, Iowa",767.9124713,34825,12816,12166,2214,508,28467,1885,5184,9448,2978,673,4485,8,687,193,531,430,332,441,2309,6.8,2.6,28467,9.2,14.9,27.1,8.7,5.5,12.9,2.1,4.1,3.4,2.7,3.6,6.6,0.0612,0.2449,0.602,0.7143,1.6224,0.3571,0.0612,0.9694,0.0306,0.0918,1.153,0.0612,0.8061,0.8469,1.653,0.8469,0.5816,0.4592,0.8878,0.1429,0.9082,2.9797,0.6939,7.4081,0.5,0,0,0,0,0,0,1,0,0,1,0,0,0,0,0,0,0,1,1,2,1441,330,4.2,36786
19,IOWA,IA,Winnebago,19189,"Winnebago County, Iowa",400.4889126,10571,5201,4605,833,255,27117,591,2140,2297,1536,370,863,15,68,76,169,24,49,175,615,8.4,4.6,27117,8.2,20.2,21.7,14.8,8,8.2,0.7,3.2,0.5,1.1,3.8,5.8,0.1531,0.7653,0.8367,0.5408,2.2959,0.6327,0.5408,0.2143,0.8367,0.5714,2.1632,0.6531,0.6327,0.4796,1.1123,0.6224,0.4082,0.0102,0.4694,0.1939,0.8673,1.949,0.2857,7.5204,0.5102,0,0,0,0,0,0,0,0,0,0,0,0,0,0,0,0,0,0,0,0,278,103,2.7,10897
19,IOWA,IA,Monona,19133,"Monona County, Iowa",694.0715819,8796,4719,4053,1344,135,27862,488,2141,1790,1252,336,450,3,8,51,194,129,38,197,239,15.7,3.1,27862,7.6,24.3,20.4,14.6,8.3,5.1,0.1,4.1,2.7,0.9,4.9,2.7,0.9184,0.3571,0.7143,0.4388,2.4286,0.7041,0.9796,0.0816,0.7755,0.6531,2.4898,0.8878,0.3571,0.0204,0.3775,0.1735,0.5816,0.3163,0.3265,0.4082,0.6224,2.255,0.4286,7.5509,0.5204,1,0,0,0,1,1,0,0,0,1,0,0,0,0,0,0,0,0,0,2,502,147,5.9,6447
19,IOWA,IA,Franklin,19069,"Franklin County, Iowa",581.9719639,10245,4868,4200,1289,197,27480,672,2113,2384,1019,406,1498,15,99,81,61,120,33,172,168,12.8,3.9,27480,9.4,20.6,23.3,10.1,9.7,14.6,1,1.3,2.5,0.8,4.1,1.6,0.7653,0.5918,0.7959,0.7347,2.8877,0.8163,0.6224,0.5918,0.0714,0.8878,2.1734,0.6735,0.8571,0.6327,1.4898,0.7653,0.0918,0.2653,0.2143,0.2551,0.2143,1.0408,0.051,7.5917,0.5306,0,0,0,0,0,0,0,0,0,0,0,0,0,0,0,0,0,0,0,0,425,104,4.2,8261
19,IOWA,IA,Jones,19105,"Jones County, Iowa",575.6232215,20568,8967,8204,1966,393,28879,1212,4027,4443,2262,481,1264,17,148,116,310,592,127,446,1290,10.1,3.8,28879,8.3,19.6,21.6,11.7,5.9,6.1,0.8,3.5,6.6,1.5,5.4,6.3,0.4184,0.551,0.4898,0.5714,2.0306,0.5306,0.449,0.1837,0.3367,0.1837,1.1531,0.0714,0.4592,0.5918,1.051,0.551,0.4694,0.8776,0.6531,0.5204,0.8878,3.4083,0.8469,7.643,0.5408,0,0,0,0,0,0,0,0,0,0,0,0,0,0,0,0,0,0,0,0,745,177,3.8,16485
19,IOWA,IA,Marion,19125,"Marion County, Iowa",554.4890641,33207,14167,13314,3068,521,28832,1431,5736,7932,4640,926,1762,5,80,89,1057,719,177,804,1734,9.7,3,28832,6.6,17.3,23.9,14.1,7,5.3,0.3,7.5,5.1,1.3,6,5.2,0.3469,0.3163,0.5204,0.2653,1.4489,0.2959,0.1735,0.7347,0.6633,0.3673,1.9388,0.3776,0.3878,0.2347,0.6225,0.3061,0.8469,0.7449,0.5714,0.6531,0.8469,3.6632,0.9388,7.6734,0.551,0,0,0,0,0,0,0,0,0,0,0,0,0,0,0,0,0,0,0,0,1166,356,3.5,34006
19,IOWA,IA,Osceola,19143,"Osceola County, Iowa",398.6865364,6115,2964,2611,721,81,28843,468,1256,1440,740,187,638,6,147,73,56,29,73,122,96,12,2.5,28843,10.9,20.5,23.5,12.3,7.2,10.4,2.6,1.9,1,2.8,4.7,1.6,0.6633,0.1939,0.5102,0.8571,2.2245,0.602,0.602,0.6429,0.3878,0.4286,2.0613,0.5102,0.7347,0.8878,1.6225,0.8163,0.2143,0.0306,0.9082,0.398,0.2143,1.7654,0.2143,7.6737,0.5612,0,0,0,0,0,0,0,0,0,0,0,0,0,0,0,1,0,0,1,1,328,78,5.4,4648
19,IOWA,IA,Story,19169,"Story County, Iowa",572.7034151,96922,39390,37219,18527,2330,28034,1474,10972,16217,7114,1779,15446,52,1233,290,9700,1469,397,2287,10472,21.5,4.3,28034,2.9,11.3,16.7,7.4,4.8,15.9,1.3,24.6,3.7,1.1,6.1,10.8,1,0.6633,0.6633,0,2.3266,0.6531,0.0102,0,0.0204,0.0306,0.0612,0,0.8673,0.7449,1.6122,0.7959,1,0.5204,0.4694,0.7041,0.9898,3.6837,0.949,7.6837,0.5714,1,0,0,0,1,0,0,0,0,0,0,0,0,1,0,0,0,1,2,3,4410,655,4.6,100924
19,IOWA,IA,Johnson,19103,"Johnson County, Iowa",612.990987,147001,62280,58163,24728,2862,34310,4100,15870,29611,10368,3635,31159,258,3511,610,12947,3027,1209,3864,8112,17.8,3.3,34310,4.7,10.8,20.1,7.1,6.2,21.2,2.5,20.8,4.9,2.1,6.6,5.5,0.9796,0.4286,0.051,0.0408,1.5,0.3367,0,0.0612,0,0.2449,0.3061,0.0102,0.9286,0.8776,1.8062,0.9082,0.9898,0.7041,0.8265,0.7551,0.8571,4.1326,0.9898,7.7449,0.5816,1,0,0,0,1,0,0,0,0,0,1,0,1,1,0,0,0,0,1,3,8014,999,5.5,147751
19,IOWA,IA,Cerro Gordo,19033,"Cerro Gordo County, Iowa",568.2997986,42984,22346,19213,4764,928,31304,2118,8845,8871,5941,1707,3890,29,221,142,1714,478,197,1378,1237,11.4,4.1,31304,6.9,20.6,20.6,14,8.9,9,0.5,7.7,2.1,1,7.2,2.9,0.5714,0.6122,0.1939,0.2959,1.6734,0.3776,0.6224,0.0918,0.6327,0.7653,2.1122,0.551,0.6939,0.3571,1.051,0.551,0.8571,0.1939,0.398,0.8776,0.6837,3.0103,0.7245,7.8469,0.5918,0,0,0,0,0,0,0,0,0,0,0,0,0,0,0,0,0,0,0,0,2392,438,5.6,45779
19,IOWA,IA,Washington,19183,"Washington County, Iowa",568.811639,22143,9686,8720,2021,482,29857,1336,4126,5516,2451,708,1945,7,352,148,482,567,110,336,345,9.3,4.2,29857,8.9,18.6,24.9,11.2,8.1,8.8,1.7,5,5.9,1.3,3.9,1.6,0.2755,0.6327,0.3367,0.6633,1.9082,0.4796,0.3265,0.8265,0.2245,0.6224,1.9999,0.449,0.6735,0.8061,1.4796,0.7551,0.6429,0.8163,0.5714,0.2245,0.2143,2.4694,0.5,7.8571,0.602,0,0,0,0,0,0,0,0,0,0,0,0,0,0,0,0,0,0,0,0,1846,420,8.5,17964
19,IOWA,IA,Dubuque,19061,"Dubuque County, Iowa",608.2990597,96802,41065,38330,10874,2140,31096,4911,16344,22312,10608,3261,8631,74,446,161,3230,1557,493,2298,4228,11.7,4.1,31096,7.6,16.9,23,11.1,8.5,8.9,0.5,7.9,3.8,1.3,6,4.4,0.6122,0.6122,0.2245,0.4388,1.8877,0.4694,0.1429,0.5306,0.2041,0.6939,1.5715,0.2143,0.6837,0.3571,1.0408,0.5408,0.8673,0.5408,0.5714,0.6531,0.7959,3.4285,0.8571,7.9285,0.6122,0,0,0,0,0,0,0,0,0,0,0,0,0,0,0,0,0,0,0,0,3607,516,3.8,103885
19,IOWA,IA,Scott,19163,"Scott County, Iowa",458.0860337,172288,73869,67025,20361,3724,31873,8215,26412,41267,17949,6097,34045,192,1957,386,7981,1831,812,4100,3291,12.1,4.2,31873,7.1,15.3,24,10.5,9.1,19.8,1.2,10.8,2.5,1.2,6.1,1.9,0.6735,0.6327,0.1633,0.3265,1.796,0.4184,0.0918,0.7551,0.1122,0.7857,1.7448,0.2755,0.9184,0.7041,1.6225,0.8163,0.9388,0.2653,0.5408,0.7041,0.3469,2.7959,0.6327,7.9592,0.6224,0,0,0,0,0,0,0,0,0,0,1,0,1,1,0,0,0,0,1,2,8391,959,4.9,182436
19,IOWA,IA,Lucas,19117,"Lucas County, Iowa",430.6032069,8597,4216,3642,1001,203,28900,429,1811,2023,1389,260,189,27,98,73,269,200,16,238,130,11.9,4.9,28900,7.2,21.1,23.5,16.4,7.1,2.2,1.2,6.4,4.7,0.4,6.5,1.5,0.6429,0.8163,0.4694,0.3469,2.2755,0.6122,0.6633,0.6429,0.949,0.398,2.6532,0.949,0.0102,0.7041,0.7143,0.3776,0.7551,0.6633,0.0204,0.7449,0.1837,2.3674,0.4796,8.0104,0.6327,0,0,0,0,0,0,0,1,0,1,0,0,0,0,0,0,0,0,0,1,358,141,4.2,7218
19,IOWA,IA,Clinton,19045,"Clinton County, Iowa",694.9135758,47218,21995,19689,5680,1052,27942,2924,9002,10774,6198,1860,4073,34,98,109,1877,507,120,1460,856,12.3,4.4,27942,8.9,19.1,22.8,13.3,9.4,8.6,0.2,8.5,2.3,0.6,7.4,1.8,0.7143,0.7143,0.6837,0.6633,2.7756,0.7653,0.3673,0.4592,0.4898,0.8367,2.153,0.6224,0.6531,0.1122,0.7653,0.4082,0.8878,0.2245,0.1122,0.898,0.2959,2.4184,0.4898,8.1123,0.6429,0,0,0,0,0,0,0,0,0,0,0,0,0,0,0,0,0,0,0,0,1907,296,4.1,44643
19,IOWA,IA,Davis,19051,"Davis County, Iowa",502.1881652,8885,3597,3215,1081,121,26503,937,1554,2601,1024,207,276,13,55,65,47,204,261,425,110,12.3,2.8,26503,16.8,17.5,29.3,11.7,6.4,3.1,0.7,1.3,5.7,8.1,13.2,1.2,0.7143,0.2755,0.9184,0.9694,2.8776,0.8061,0.2347,1,0.3367,0.2857,1.8571,0.3367,0.0408,0.4796,0.5204,0.2347,0.0918,0.7755,1,1,0.0102,2.8775,0.6633,8.1326,0.6531,0,0,1,1,2,0,1,0,0,1,0,0,0,0,0,1,1,0,2,5,2278,465,26,5014
19,IOWA,IA,Fayette,19065,"Fayette County, Iowa",730.8296772,19929,9571,8315,2375,353,28069,1096,4197,4175,2855,836,1212,28,91,79,234,451,72,428,740,12.4,3.4,28069,7.9,21.1,20.9,14.6,10.1,6.1,0.5,2.4,4.7,0.9,5.1,3.7,0.7449,0.4694,0.6531,0.5204,2.3878,0.6735,0.6633,0.1122,0.7755,0.9184,2.4694,0.8469,0.4592,0.3571,0.8163,0.4592,0.3265,0.6633,0.3265,0.4694,0.7143,2.5,0.5204,8.1735,0.6633,0,0,0,0,0,0,0,0,1,1,0,0,0,0,0,0,0,0,0,1,1071,254,5.5,17758
19,IOWA,IA,Monroe,19135,"Monroe County, Iowa",433.7163979,7863,3976,3329,901,230,26469,639,1503,1970,977,207,511,150,16,54,37,590,34,198,134,11.7,5.9,26469,12,19.1,25.1,12.6,6.2,6.5,0.2,0.9,14.8,1,5.9,1.7,0.6122,0.949,0.9286,0.9082,3.398,0.949,0.3673,0.8571,0.4184,0.2449,1.8877,0.3571,0.5306,0.1122,0.6428,0.3265,0.051,1,0.398,0.6122,0.2755,2.3367,0.4592,8.2652,0.6735,0,1,1,1,3,0,0,0,0,0,0,0,0,0,1,0,0,0,1,4,577,257,7.5,6946
19,IOWA,IA,Jasper,19099,"Jasper County, Iowa",730.4126589,36891,16264,14548,3442,897,27551,1623,6918,8306,4938,1196,2277,20,73,80,1201,797,244,749,1782,9.8,4.9,27551,6.3,18.8,22.5,14,8.2,6.2,0.2,7.4,4.9,1.7,5.1,4.8,0.3878,0.8163,0.7755,0.1939,2.1735,0.5714,0.3367,0.3776,0.6327,0.6327,1.9797,0.4286,0.4898,0.1122,0.602,0.2857,0.8367,0.7041,0.7143,0.4694,0.8163,3.5408,0.8878,8.296,0.6837,0,0,0,0,0,0,0,0,0,0,0,0,0,0,0,0,0,0,0,0,1256,256,3.6,29422
19,IOWA,IA,Van Buren,19177,"Van Buren County, Iowa",484.8075497,7223,3655,2863,932,155,27468,505,1530,1733,1017,125,247,13,42,52,24,338,69,176,96,13.1,4.7,27468,10.1,21.2,24,14.2,4.4,3.4,0.6,0.7,9.2,2.4,6.1,1.3,0.7959,0.7857,0.8061,0.8061,3.1938,0.8571,0.6939,0.7551,0.6837,0.0102,2.1429,0.6122,0.0918,0.4286,0.5204,0.2347,0.0306,0.9592,0.8469,0.7041,0.0612,2.602,0.5714,8.4591,0.6939,0,0,0,0,0,0,0,0,0,0,0,0,0,0,1,0,0,0,1,1,898,258,12.5,4960
19,IOWA,IA,Allamakee,19005,"Allamakee County, Iowa",639.0434608,13880,7776,5957,1285,178,27741,1196,3020,3175,1535,308,1278,15,263,99,298,1120,120,252,340,9.5,2.5,27741,12.3,21.8,22.9,11.3,5.2,9.2,2,3.8,14.4,2,4.2,2.4,0.3061,0.1939,0.7551,0.9286,2.1837,0.5816,0.7959,0.4898,0.2449,0.0714,1.602,0.2347,0.7143,0.8367,1.551,0.7857,0.5408,0.9898,0.8163,0.2857,0.5918,3.2244,0.8061,8.5611,0.7041,0,0,0,1,1,0,0,0,0,0,0,0,0,0,1,0,0,0,1,2,1021,258,7.5,11444
19,IOWA,IA,Polk,19153,"Polk County, Iowa",572.2130671,474274,197248,183753,51725,11357,34474,26653,58939,119097,51171,17566,103992,132,12601,953,35372,4110,4602,10828,8818,11.1,4.3,34474,8.5,12.4,25.1,10.9,9.6,21.9,2.9,17.9,2.1,2.5,5.9,1.9,0.5306,0.6633,0.0408,0.602,1.8367,0.449,0.0306,0.8571,0.1837,0.8673,1.9387,0.3673,0.949,0.9286,1.8776,0.949,0.9796,0.1939,0.8571,0.6122,0.3469,2.9897,0.7041,8.6427,0.7143,0,0,0,0,0,0,0,0,0,0,1,1,2,1,0,0,0,0,1,3,23950,1725,5.1,482068
19,IOWA,IA,Henry,19087,"Henry County, Iowa",434.2874099,19926,8352,7714,1988,513,26760,967,3613,4392,2613,853,2341,25,151,100,289,472,67,278,1453,10.8,5.2,26760,7.1,18.1,22,13.9,11.1,11.7,0.8,3.5,5.7,0.9,3.6,7.3,0.5102,0.8673,0.8776,0.3265,2.5816,0.7245,0.3061,0.2755,0.6224,0.9592,2.1632,0.6531,0.7551,0.5918,1.3469,0.7245,0.4694,0.7755,0.3265,0.1429,0.9286,2.6429,0.5918,8.7346,0.7245,0,0,0,0,0,0,0,0,1,1,0,0,0,0,0,0,0,1,1,2,765,184,4.1,19870
19,IOWA,IA,Clay,19041,"Clay County, Iowa",567.2376842,16313,8219,7343,1930,307,27811,745,3290,3693,2449,622,1064,51,233,164,570,101,111,543,333,12.1,3.6,27811,6.5,20.2,22.6,15.2,8.5,6.5,1.5,6.9,1.2,1.5,7.4,2,0.6735,0.5102,0.7449,0.2143,2.1429,0.5612,0.5408,0.4082,0.8469,0.6939,2.4898,0.8878,0.5306,0.7857,1.3163,0.7143,0.8163,0.0612,0.6531,0.898,0.4082,2.8368,0.6429,8.7858,0.7347,0,0,0,0,0,0,0,0,0,0,0,0,0,0,0,0,0,0,0,0,596,191,3.7,15833
19,IOWA,IA,Tama,19171,"Tama County, Iowa",721.0109397,17136,7792,6755,2003,337,27255,1053,3284,4150,1903,564,3176,8,380,107,124,308,185,214,380,12.1,3.8,27255,9.1,19.2,24.2,11.4,8.3,18.5,2.4,1.6,4,2.7,3.2,2.2,0.6735,0.551,0.8265,0.6837,2.7347,0.7449,0.4082,0.7959,0.2653,0.6531,2.1225,0.5714,0.8878,0.8673,1.7551,0.898,0.1531,0.5714,0.8878,0.051,0.5102,2.1735,0.3878,8.7858,0.7347,0,0,0,0,0,0,0,0,0,0,0,0,0,0,0,0,0,0,0,0,980,178,5.8,12592
19,IOWA,IA,Taylor,19173,"Taylor County, Iowa",531.9014044,6201,3104,2650,630,114,27672,422,1357,1448,958,148,605,13,175,88,62,189,26,147,98,10.4,3.7,27672,9.8,21.9,23.4,15.7,5.6,9.8,3,2,6.1,1,5.5,1.6,0.4694,0.5204,0.7653,0.7755,2.5306,0.7143,0.8061,0.6224,0.898,0.1122,2.4387,0.8061,0.7245,0.9388,1.6633,0.8571,0.2347,0.8367,0.398,0.5306,0.2143,2.2143,0.4184,8.8469,0.7551,0,0,0,0,0,0,0,0,0,0,0,1,1,0,0,0,0,0,0,1,435,99,7.1,5020
19,IOWA,IA,Floyd,19067,"Floyd County, Iowa",500.6318548,15858,7555,6759,2455,205,27897,1167,3358,3596,2473,539,1265,15,111,82,209,128,105,511,318,15.7,2.5,27897,10.7,21.2,22.7,15.8,8,8,0.7,2.8,1.7,1.6,7.6,2,0.9184,0.1939,0.7041,0.8469,2.6633,0.7347,0.6939,0.4286,0.9184,0.5714,2.6123,0.9286,0.6122,0.4796,1.0918,0.602,0.3776,0.1327,0.6837,0.9184,0.4082,2.5206,0.5408,8.888,0.7653,1,0,0,0,1,0,0,1,0,1,0,0,0,0,0,0,1,0,1,3,1390,359,8.9,13257
19,IOWA,IA,Muscatine,19139,"Muscatine County, Iowa",437.4447486,42950,18097,16536,4352,533,28137,3544,6798,10788,4373,1715,9792,47,1142,265,1172,1235,318,820,606,10.3,2.4,28137,12.4,15.8,25.1,10.3,10.4,22.8,2.8,6.5,6.8,1.9,5,1.4,0.4592,0.1633,0.6429,0.9388,2.2042,0.5918,0.1122,0.8571,0.0918,0.9286,1.9897,0.4388,0.9592,0.9082,1.8674,0.9388,0.7857,0.898,0.7551,0.4286,0.0918,2.9592,0.6837,9.0205,0.7755,0,0,0,1,1,0,0,0,1,1,1,1,2,0,0,0,0,0,0,4,1604,354,3.8,45595
19,IOWA,IA,Page,19145,"Page County, Iowa",534.9433704,15363,7214,6323,1667,319,26767,1014,3269,3088,2375,448,1343,15,148,116,513,180,51,382,1006,11.6,4.3,26767,9.1,21.3,20.1,16.5,7.1,8.7,1,7.1,2.5,0.8,6,6.5,0.5918,0.6633,0.8673,0.6837,2.8061,0.7755,0.7245,0.0612,0.9694,0.398,2.1531,0.6327,0.6633,0.6327,1.296,0.7041,0.8265,0.2653,0.2143,0.6531,0.898,2.8572,0.6531,9.1124,0.7857,0,0,0,0,0,0,0,1,0,1,0,0,0,0,0,0,0,0,0,1,711,178,4.9,14775
19,IOWA,IA,Emmet,19063,"Emmet County, Iowa",395.8813803,9551,4795,4110,1041,165,30386,615,1921,1997,1364,383,1188,13,172,103,119,186,125,179,930,12.1,3.3,30386,9.5,20.1,20.9,14.7,9.3,12.4,1.9,2.5,3.9,3,4.4,9.7,0.6735,0.4286,0.2755,0.7551,2.1327,0.5408,0.5306,0.1122,0.8163,0.8265,2.2856,0.7347,0.7959,0.8265,1.6224,0.8061,0.3367,0.551,0.9286,0.3163,0.9694,3.102,0.7551,9.1427,0.7959,0,0,0,0,0,0,0,0,0,0,0,0,0,0,0,1,0,1,2,2,659,178,7.1,7878
19,IOWA,IA,Louisa,19115,"Louisa County, Iowa",401.7715636,11223,5041,4343,1231,295,27041,1393,1957,2575,1276,325,2452,10,621,156,39,617,129,259,136,11.1,5.1,27041,18.1,17.4,22.9,11.5,7.5,21.8,5.9,0.8,12.2,3,6,1.2,0.5306,0.8469,0.8571,0.9796,3.2142,0.8673,0.2245,0.4898,0.2959,0.4898,1.5,0.1429,0.9388,0.9694,1.9082,0.9592,0.0408,0.9796,0.9286,0.6531,0.0102,2.6123,0.5816,9.2347,0.8061,0,0,0,1,1,0,0,0,0,0,1,1,2,0,1,1,0,0,2,5,517,150,4.7,9537
19,IOWA,IA,Appanoose,19007,"Appanoose County, Iowa",497.2912142,12510,6627,5416,1981,314,27546,815,2836,2752,2305,309,572,15,36,62,260,490,102,469,155,16.1,5.4,27546,9.1,22.7,22,18.6,5.7,4.6,0.3,3.9,7.4,1.9,8.7,1.2,0.9592,0.9286,0.7857,0.6837,3.3572,0.9388,0.9184,0.2755,1,0.1224,2.3163,0.7449,0.2755,0.2347,0.5102,0.2041,0.551,0.9184,0.7551,0.9592,0.0102,3.1939,0.7959,9.3776,0.8163,1,1,0,0,2,1,0,1,0,2,0,0,0,0,1,0,1,0,2,6,857,231,6.9,11220
19,IOWA,IA,Black Hawk,19013,"Black Hawk County, Iowa",565.8697012,133009,57603,52976,20471,3262,29100,7270,20627,28858,15093,4958,24659,164,2167,357,6550,2083,757,3747,5222,16,4.5,29100,8.7,15.5,21.7,11.5,9.4,18.5,1.7,11.4,3.6,1.4,7.1,3.9,0.949,0.7449,0.4388,0.6224,2.7551,0.7551,0.102,0.2143,0.2959,0.8367,1.4489,0.1224,0.8878,0.8061,1.6939,0.8776,0.949,0.4898,0.602,0.8265,0.7653,3.6326,0.9286,9.5305,0.8265,1,0,0,0,1,0,0,0,0,0,0,0,0,1,0,0,0,0,1,2,7424,958,5.6,144429
19,IOWA,IA,Wayne,19185,"Wayne County, Iowa",525.4901568,6413,3193,2669,954,67,25560,484,1386,1601,996,194,242,13,42,53,5,220,118,247,116,15.2,2.3,25560,11.1,21.6,25,15.8,7.3,3.8,0.7,0.2,6.9,4.4,9.3,1.8,0.8673,0.1224,0.9694,0.8776,2.8367,0.7857,0.7755,0.8367,0.9184,0.4388,2.9694,0.9796,0.1633,0.4796,0.6429,0.3367,0,0.9082,0.9796,0.9796,0.2959,3.1633,0.7857,9.6123,0.8367,0,0,1,0,1,0,0,1,0,1,0,0,0,0,1,1,1,0,3,5,776,182,12.3,5150
19,IOWA,IA,Jefferson,19101,"Jefferson County, Iowa",435.5229803,18077,7614,6831,2396,589,26064,935,3654,3311,1981,511,3486,82,479,252,380,827,54,475,1261,14.2,6.7,26064,7.3,20.2,18.3,11.1,7.5,19.3,2.8,5,10.9,0.8,7,7,0.8265,0.9694,0.949,0.3776,3.1225,0.8469,0.5408,0.0102,0.2041,0.4898,1.2449,0.102,0.9082,0.9082,1.8164,0.9184,0.6429,0.9694,0.2143,0.8163,0.9184,3.5613,0.898,9.7451,0.8469,0,1,1,0,2,0,0,0,0,0,1,1,2,0,1,0,0,1,2,6,821,221,4.6,16716
19,IOWA,IA,Webster,19187,"Webster County, Iowa",715.7084052,36757,17044,15208,5194,796,25243,2274,6445,7849,4845,1683,4533,7,162,107,1045,504,149,1173,2856,15.3,4.5,25243,9.2,17.5,21.4,13.8,11.1,12.3,0.5,6.1,3,1,7.7,7.8,0.8878,0.7449,0.9796,0.7143,3.3266,0.9184,0.2347,0.1531,0.6122,0.9592,1.9592,0.4082,0.7755,0.3571,1.1326,0.6429,0.7143,0.398,0.398,0.9388,0.9388,3.3879,0.8367,9.8063,0.8571,0,0,1,0,1,0,0,0,1,1,0,0,0,0,0,0,1,1,2,4,1782,312,5.1,37070
19,IOWA,IA,Des Moines,19057,"Des Moines County, Iowa",416.1292935,39600,18566,16840,5966,1060,28234,2321,7805,9012,5978,2007,4859,3,159,90,1165,1056,158,1226,710,15.4,5.3,28234,8.4,19.7,22.8,15.3,11.9,12.3,0.4,6.3,5.7,0.9,7.3,1.8,0.898,0.8878,0.6327,0.5816,3.0001,0.8367,0.4694,0.4592,0.8571,0.9796,2.7653,0.9694,0.7755,0.2959,1.0714,0.5816,0.7449,0.7755,0.3265,0.8878,0.2959,3.0306,0.7347,9.8674,0.8673,0,0,0,0,0,0,0,0,1,1,0,0,0,0,0,0,0,0,0,1,2055,360,5.3,43209
19,IOWA,IA,Pottawattamie,19155,"Pottawattamie County, Iowa",950.518767,93503,39925,36881,10058,2115,29729,6653,15466,22149,13116,3704,11252,8,1184,301,3640,1458,698,2514,2320,11.1,4.3,29729,10.5,16.5,23.7,14.2,10,12,1.4,9.1,3.7,1.9,6.8,2.5,0.5306,0.6633,0.3673,0.8367,2.3979,0.6939,0.1327,0.6837,0.6837,0.9082,2.4083,0.7959,0.7653,0.7653,1.5306,0.7755,0.9184,0.5204,0.7551,0.7857,0.6122,3.5918,0.9184,9.9286,0.8776,0,0,0,0,0,0,0,0,1,1,0,0,0,1,0,0,0,0,1,2,5796,568,6.3,81963
19,IOWA,IA,Wright,19197,"Wright County, Iowa",580.4152095,12804,6515,5690,1600,328,28317,725,2767,3067,1796,539,1778,15,310,128,220,119,67,403,249,12.8,5.4,28317,8.2,21.6,24,14.2,9.5,13.9,2.6,3.4,1.8,1.2,7.1,1.9,0.7653,0.9286,0.6224,0.5408,2.8571,0.7959,0.7755,0.7551,0.6837,0.8571,3.0714,0.9898,0.8265,0.8878,1.7143,0.8878,0.449,0.1531,0.5408,0.8265,0.3469,2.3163,0.449,9.9591,0.8878,0,1,0,0,1,0,0,0,0,0,0,0,0,0,0,0,0,0,0,1,680,157,5.4,11486
19,IOWA,IA,Montgomery,19137,"Montgomery County, Iowa",424.096655,10155,5230,4587,1601,346,28780,700,2098,2364,1589,563,622,15,74,70,83,151,95,305,203,16.1,6.8,28780,9.9,20.7,23.3,15.9,12.3,6.1,0.8,1.6,2.9,2.1,6.6,2,0.9592,0.9796,0.5408,0.7959,3.2755,0.898,0.6531,0.5918,0.9388,0.9898,3.1735,1,0.4592,0.5918,1.051,0.551,0.1531,0.3673,0.8265,0.7551,0.4082,2.5102,0.5306,10.0102,0.898,1,1,0,0,2,0,0,1,1,2,0,0,0,0,0,0,0,0,0,4,368,122,3.7,9331
19,IOWA,IA,Clarke,19039,"Clarke County, Iowa",431.1663451,9282,4208,3854,1305,153,26706,684,1631,2334,1250,282,1310,60,194,113,166,257,116,216,188,14.4,3.2,26706,10.9,17.6,25.1,13.7,7.3,14.1,2.2,3.9,6.1,3,5.6,2,0.8469,0.3878,0.8878,0.8571,2.9796,0.8265,0.2551,0.8571,0.5816,0.4388,2.1326,0.5816,0.8367,0.8571,1.6938,0.8673,0.551,0.8367,0.9286,0.5612,0.4082,3.2857,0.8265,10.0917,0.9082,0,0,0,0,0,0,0,0,0,0,0,0,0,0,0,1,0,0,1,1,541,189,5.9,9225
19,IOWA,IA,Lee,19111,"Lee County, Iowa",517.5498653,34541,16255,14177,5069,1230,25968,1913,6754,7477,5506,1405,3146,10,81,89,994,920,160,1003,1134,15.2,7.2,25968,7.8,19.6,21.6,16.4,9.9,9.1,0.2,6.1,5.7,1.1,7.1,3.3,0.8673,1,0.9592,0.5,3.3265,0.9082,0.449,0.1837,0.949,0.898,2.4797,0.8776,0.7041,0.1122,0.8163,0.4592,0.7143,0.7755,0.4694,0.8265,0.7041,3.4898,0.8776,10.1123,0.9184,0,1,1,0,2,0,0,1,0,1,0,0,0,0,0,0,0,0,0,3,1535,301,4.6,33460
19,IOWA,IA,Union,19175,"Union County, Iowa",423.6449392,12453,5918,5194,1735,331,26216,829,2450,2801,2067,425,723,15,143,93,379,294,57,303,301,14.3,5.2,26216,9.8,19.7,22.5,16.8,8.2,5.8,1.2,6.4,5,1.1,5.8,2.4,0.8367,0.8673,0.9388,0.7755,3.4183,0.9592,0.4694,0.3776,0.9898,0.6327,2.4695,0.8571,0.449,0.7041,1.1531,0.6531,0.7551,0.7245,0.4694,0.5918,0.5918,3.1326,0.7755,10.1735,0.9286,0,0,1,0,1,0,0,1,0,1,0,0,0,0,0,0,0,0,0,2,828,186,6.7,12591
19,IOWA,IA,Mahaska,19123,"Mahaska County, Iowa",570.8625619,22208,9839,8829,3110,601,27061,1317,3945,5324,2995,848,1451,11,136,100,356,584,161,629,680,14.4,5.3,27061,8.8,17.8,24,13.6,9.6,6.5,0.7,3.6,5.9,1.8,7.1,3.1,0.8469,0.8878,0.8469,0.6429,3.2245,0.8776,0.2857,0.7551,0.5408,0.8673,2.4489,0.8163,0.5306,0.4796,1.0102,0.5102,0.5,0.8163,0.7347,0.8265,0.6939,3.5714,0.9082,10.255,0.9388,0,0,0,0,0,0,0,0,0,0,0,0,0,0,0,0,0,0,0,0,921,194,4.2,16926
19,IOWA,IA,Marshall,19127,"Marshall County, Iowa",572.5028042,40271,16766,15338,4236,1019,26516,4362,6979,10111,4689,1344,11397,20,2905,407,995,488,510,1040,1094,10.9,5.1,26516,16.4,17.3,25.1,11.9,8.8,28.3,7.7,5.9,2.9,3.3,6.8,2.7,0.5204,0.8469,0.9082,0.9592,3.2347,0.8878,0.1735,0.8571,0.3571,0.7449,2.1326,0.5816,0.9796,0.9796,1.9592,0.9796,0.6939,0.3673,0.9592,0.7857,0.6224,3.4285,0.8571,10.755,0.949,0,0,1,1,2,0,0,0,0,0,1,1,2,0,0,1,0,0,1,5,2535,434,6.5,39899
19,IOWA,IA,Buena Vista,19021,"Buena Vista County, Iowa",574.898873,20260,8296,7550,2507,590,26607,2840,2914,5147,1933,793,8034,12,2031,305,567,257,530,291,1018,13,5.3,26607,22.2,14.4,25.4,9.7,10.5,39.7,10.8,6.8,3.1,7,3.9,5,0.7857,0.8878,0.898,0.9898,3.5613,0.9796,0.0408,0.9286,0.0408,0.9388,1.949,0.3878,1,1,2,1,0.8061,0.4184,0.9898,0.2245,0.8265,3.2653,0.8163,10.7756,0.9592,0,0,0,1,1,0,1,0,1,2,1,1,2,0,0,1,0,0,1,6,1932,429,9.7,19875
19,IOWA,IA,Decatur,19053,"Decatur County, Iowa",531.8814777,8044,3856,3213,1426,172,22037,550,1536,1756,1236,246,568,13,49,58,188,287,84,313,781,19.6,4.4,22037,11.3,19.1,21.8,15.6,7.7,7.1,0.6,4.9,7.4,2.6,9.7,9.7,0.9898,0.7143,1,0.8878,3.5919,0.9898,0.3673,0.2653,0.8878,0.5408,2.0612,0.5,0.5816,0.4286,1.0102,0.5102,0.6327,0.9184,0.8776,0.9898,0.9694,4.3879,1,11.0512,0.9694,1,0,1,0,2,0,0,0,0,0,0,0,0,0,1,0,1,1,3,5,748,191,9.4,6106
19,IOWA,IA,Woodbury,19193,"Woodbury County, Iowa",872.8959209,102398,42095,38975,13123,2556,27430,8688,14776,26854,12677,4843,26725,35,3673,448,3959,1428,982,2965,2891,13.2,4.7,27430,13.3,14.4,26.2,12.5,12.4,26.1,3.9,9.4,3.4,2.5,7.6,2.8,0.8061,0.7857,0.8163,0.949,3.3571,0.9286,0.0408,0.949,0.4082,1,2.398,0.7857,0.9694,0.9592,1.9286,0.9694,0.9286,0.4592,0.8571,0.9184,0.6531,3.8164,0.9592,11.5001,0.9796,0,0,0,1,1,0,1,0,1,2,1,1,2,1,0,0,1,0,2,7,6979,693,6.9,99982
19,IOWA,IA,Wapello,19179,"Wapello County, Iowa",431.8370132,35315,16066,14418,5354,1128,24864,2904,6051,7942,4926,1534,6058,56,1079,220,955,808,408,1117,826,15.5,6.4,24864,12.1,17.1,22.5,14.1,10.6,17.2,3.3,5.9,5,2.8,7.7,2.3,0.9082,0.9592,0.9898,0.9184,3.7756,1,0.1633,0.3776,0.6633,0.949,2.1532,0.6429,0.8776,0.949,1.8266,0.9286,0.6939,0.7245,0.9082,0.9388,0.5714,3.8368,0.9694,11.5922,0.9898,1,1,1,1,4,0,0,0,1,1,0,1,1,0,0,1,1,0,2,8,2094,406,6,36013
19,IOWA,IA,Crawford,19047,"Crawford County, Iowa",714.1894316,17132,7030,6435,2680,599,28700,2481,2893,4254,2426,578,5731,5,1468,349,271,474,279,439,627,15.8,7,28700,22.2,16.9,24.8,14.3,9,33.5,9.2,3.9,6.7,4.3,6.8,3.7,0.9388,0.9898,0.5612,0.9898,3.4796,0.9694,0.1429,0.8163,0.7245,0.7755,2.4592,0.8367,0.9898,0.9898,1.9796,0.9898,0.551,0.8878,0.9694,0.7857,0.7143,3.9082,0.9796,11.8266,1,1,1,0,1,3,0,0,0,0,0,1,1,2,0,0,1,0,0,1,6,1374,275,8.1,14074
,,,,,,,,,,,,,,,,,,,,,,,,,,,,,,,,,,,,,,,,,,,,,,,,,,,,,,,,,,,,,,,,,,,,,,,,,,,,,,,,,,,,,,,,,,
,,,,,,,,,,,,,,,,,,,,,,,,,,,,,,,,,,,,,,,,,,,,,,,,,,,,,,,,,,,,,,,,,,,,,,,,,,,,,,,,,,,,,,,,,,
,,,,,,,,,,,,,,,,,,,,,,,,,,,,,,,,,,,,,,,,,,,,,,,,,,,,,,,,,,,,,,,,,,,,,,,,,,,,,,,,,,,,,,,,,,
,,HU,Housing Units,,,,,,,,,,,,,,,,,,,,,,,,,,,,,,,,,,,,,,,,,,,,,,,,,,,,,,,,,,,,,,,,,,,,,,,,,,,,,,,,,,,,,,,
,,HH,Households,,,,,,,,,,,,,,,,,,,,,,,,,,,,,,,,,,,,,,,,,,,,,,,,,,,,,,,,,,,,,,,,,,,,,,,,,,,,,,,,,,,,,,,
,,POV,Person below poverty,,,,,,,,,,,,,,,,,,,,,,,,,,,,,,,,,,,,,,,,,,,,,,,,,,,,,,,,,,,,,,,,,,,,,,,,,,,,,,,,,,,,,,,
,,UNEMP,Civilian (16+) unemployed,,,,,,,,,,,,,,,,,,,,,,,,,,,,,,,,,,,,,,,,,,,,,,,,,,,,,,,,,,,,,,,,,,,,,,,,,,,,,,,,,,,,,,,
,,PCI,Per capital income,,,,,,,,,,,,,,,,,,,,,,,,,,,,,,,,,,,,,,,,,,,,,,,,,,,,,,,,,,,,,,,,,,,,,,,,,,,,,,,,,,,,,,,
,,NOHSDP,Person (25+) with no high school,,,,,,,,,,,,,,,,,,,,,,,,,,,,,,,,,,,,,,,,,,,,,,,,,,,,,,,,,,,,,,,,,,,,,,,,,,,,,,,,,,,,,,,
,,DISABL,Civilian noninstitutionalized population with a disability,,,,,,,,,,,,,,,,,,,,,,,,,,,,,,,,,,,,,,,,,,,,,,,,,,,,,,,,,,,,,,,,,,,,,,,,,,,,,,,,,,,,,,,
,,SNGNT,Single parent household with children under 18,,,,,,,,,,,,,,,,,,,,,,,,,,,,,,,,,,,,,,,,,,,,,,,,,,,,,,,,,,,,,,,,,,,,,,,,,,,,,,,,,,,,,,,
,,MINRTY,"Minority (all persons Except white, non-Hispanic)",,,,,,,,,,,,,,,,,,,,,,,,,,,,,,,,,,,,,,,,,,,,,,,,,,,,,,,,,,,,,,,,,,,,,,,,,,,,,,,,,,,,,,,
,,LIMENG,Persons (age 5+) who speak English less than well,,,,,,,,,,,,,,,,,,,,,,,,,,,,,,,,,,,,,,,,,,,,,,,,,,,,,,,,,,,,,,,,,,,,,,,,,,,,,,,,,,,,,,,
,,MUNIT,Housing in Structures with 10 or more units estimate,,,,,,,,,,,,,,,,,,,,,,,,,,,,,,,,,,,,,,,,,,,,,,,,,,,,,,,,,,,,,,,,,,,,,,,,,,,,,,,,,,,,,,,
,,MOBILE,Mobile Homes,,,,,,,,,,,,,,,,,,,,,,,,,,,,,,,,,,,,,,,,,,,,,,,,,,,,,,,,,,,,,,,,,,,,,,,,,,,,,,,,,,,,,,,
,,E_CROWD,"At household level (occupied housing units), more people than rooms estimate",,,,,,,,,,,,,,,,,,,,,,,,,,,,,,,,,,,,,,,,,,,,,,,,,,,,,,,,,,,,,,,,,,,,,,,,,,,,,,,,,,,,,,,
,,NOVEH,Households with no vehicle available estimate,,,,,,,,,,,,,,,,,,,,,,,,,,,,,,,,,,,,,,,,,,,,,,,,,,,,,,,,,,,,,,,,,,,,,,,,,,,,,,,,,,,,,,,
,,GROUPQ,Persons in group quarters estimate,,,,,,,,,,,,,,,,,,,,,,,,,,,,,,,,,,,,,,,,,,,,,,,,,,,,,,,,,,,,,,,,,,,,,,,,,,,,,,,,,,,,,,,
,,EP_POV,Percentage of persons below poverty estimate,,,,,,,,,,,,,,,,,,,,,,,,,,,,,,,,,,,,,,,,,,,,,,,,,,,,,,,,,,,,,,,,,,,,,,,,,,,,,,,,,,,,,,,
,,EP_UNEMP,Unemployment Rate estimate,,,,,,,,,,,,,,,,,,,,,,,,,,,,,,,,,,,,,,,,,,,,,,,,,,,,,,,,,,,,,,,,,,,,,,,,,,,,,,,,,,,,,,,
,,EP_PCI,Per capita income estimate,,,,,,,,,,,,,,,,,,,,,,,,,,,,,,,,,,,,,,,,,,,,,,,,,,,,,,,,,,,,,,,,,,,,,,,,,,,,,,,,,,,,,,,
,,EP_NOHSDP,Percentage of persons with no high school diploma (age 25+) estimate,,,,,,,,,,,,,,,,,,,,,,,,,,,,,,,,,,,,,,,,,,,,,,,,,,,,,,,,,,,,,,,,,,,,,,,,,,,,,,,,,,,,,,,
,,EP_AGE65,Percentage of persons aged 65 and older estimate,,,,,,,,,,,,,,,,,,,,,,,,,,,,,,,,,,,,,,,,,,,,,,,,,,,,,,,,,,,,,,,,,,,,,,,,,,,,,,,,,,,,,,,
,,EP_AGE17,Percentage of persons aged 17 and younger estimate,,,,,,,,,,,,,,,,,,,,,,,,,,,,,,,,,,,,,,,,,,,,,,,,,,,,,,,,,,,,,,,,,,,,,,,,,,,,,,,,,,,,,,,
